cotacaoCompra,cotacaoVenda,dataHoraCotacao
"4,038","4,0387",2016-01-04 13:12:41.021
"4,0108","4,0114",2016-01-05 13:12:41.306
"4,0297","4,0303",2016-01-06 13:08:04.506
"4,0469","4,0475",2016-01-07 13:07:20.817
"4,0244","4,025",2016-01-08 13:11:21.614
"4,0147","4,0153",2016-01-11 13:08:12.021
"4,0293","4,0299",2016-01-12 13:10:57.893
"3,9857","3,9863",2016-01-13 13:07:21.557
"4,0217","4,0223",2016-01-14 13:03:00.94
"4,0396","4,0402",2016-01-15 13:08:54.259
"4,0358","4,0364",2016-01-18 13:09:25.047
"4,0297","4,0303",2016-01-19 13:08:59.557
"4,0855","4,0861",2016-01-20 13:06:47.722
"4,1552","4,1558",2016-01-21 13:07:17.33
"4,1226","4,1232",2016-01-22 13:11:51.506
"4,0991","4,1002",2016-01-25 13:05:43.322
"4,0961","4,0967",2016-01-26 13:11:08.831
"4,0441","4,0448",2016-01-27 13:07:42.731
"4,0832","4,0838",2016-01-28 13:12:28.371
"4,0422","4,0428",2016-01-29 13:08:00.674
"3,9979","3,9986",2016-02-01 13:03:39.417
"3,9913","3,9919",2016-02-02 13:02:59.245
"3,9552","3,9558",2016-02-03 13:09:54.357
"3,8646","3,8653",2016-02-04 13:06:21.252
"3,8969","3,8975",2016-02-05 13:10:29.963
"3,9406","3,9412",2016-02-10 15:36:18.369
"3,9636","3,9642",2016-02-11 13:07:15.167
"3,9884","3,9891",2016-02-12 13:11:55.434
"3,9879","3,9885",2016-02-15 13:09:18.754
"4,0207","4,0213",2016-02-16 13:04:47.221
"4,0312","4,0318",2016-02-17 13:03:45.488
"4,0084","4,0091",2016-02-18 13:04:48.92
"4,0486","4,0492",2016-02-19 13:03:21.661
"3,9612","3,9618",2016-02-22 13:09:39.999
"3,9678","3,9684",2016-02-23 13:10:57.68
"3,9894","3,99",2016-02-24 13:04:50.209
"3,9394","3,94",2016-02-25 13:02:51.663
"3,9571","3,9578",2016-02-26 13:05:14.161
"3,979","3,9796",2016-02-29 13:03:49.471
"3,9907","3,9913",2016-03-01 13:10:04.662
"3,911","3,9116",2016-03-02 13:12:16.932
"3,8498","3,8504",2016-03-03 13:04:27.128
"3,7182","3,7188",2016-03-04 13:06:46.766
"3,7708","3,7714",2016-03-07 13:02:47.751
"3,7807","3,7813",2016-03-08 13:08:58.704
"3,7031","3,7037",2016-03-09 13:04:45.382
"3,6694","3,67",2016-03-10 13:10:39.631
"3,6265","3,6271",2016-03-11 13:11:02.38
"3,6232","3,6239",2016-03-14 13:09:45.239
"3,711","3,7116",2016-03-15 13:08:47.766
"3,8073","3,8079",2016-03-16 13:08:09.637
"3,6439","3,6445",2016-03-17 13:08:35.733
"3,614","3,6146",2016-03-18 13:02:51.239
"3,6223","3,6229",2016-03-21 13:03:49.98
"3,6067","3,6073",2016-03-22 13:10:59.938
"3,6525","3,6531",2016-03-23 13:02:59.252
"3,6942","3,6948",2016-03-24 13:11:24.799
"3,6401","3,6408",2016-03-28 13:10:30.566
"3,6681","3,6687",2016-03-29 13:04:59.153
"3,611","3,6116",2016-03-30 13:06:05.169
"3,5583","3,5589",2016-03-31 13:08:45.137
"3,5793","3,5799",2016-04-01 13:11:52.235
"3,5865","3,5871",2016-04-04 13:06:46.201
"3,6575","3,6581",2016-04-05 13:11:59.295
"3,6743","3,6749",2016-04-06 13:16:18.481
"3,6915","3,6921",2016-04-07 13:08:41.439
"3,6379","3,6385",2016-04-08 13:04:13.177
"3,5278","3,5284",2016-04-11 13:08:00.229
"3,54","3,5406",2016-04-12 13:09:30.47
"3,5423","3,5429",2016-04-13 13:07:11.096
"3,512","3,5126",2016-04-14 13:09:46.372
"3,527","3,5276",2016-04-15 13:04:06.093
"3,5898","3,5904",2016-04-18 13:09:20.47
"3,5532","3,5538",2016-04-19 13:12:37.372
"3,5497","3,5503",2016-04-20 13:11:54.962
"3,5823","3,5829",2016-04-22 13:13:03.706
"3,5466","3,5472",2016-04-25 13:03:45.513
"3,5294","3,5301",2016-04-26 13:04:51.206
"3,5289","3,5295",2016-04-27 13:13:36.409
"3,4986","3,4992",2016-04-28 13:07:39.238
"3,4502","3,4508",2016-04-29 13:06:42.753
"3,4985","3,4991",2016-05-02 13:04:04.383
"3,5544","3,555",2016-05-03 13:07:03.616
"3,5391","3,5397",2016-05-04 13:07:49.091
"3,529","3,5296",2016-05-05 13:04:54.376
"3,5356","3,5362",2016-05-06 13:03:28.402
"3,538","3,5387",2016-05-09 13:11:14.121
"3,4766","3,4772",2016-05-10 13:03:44.346
"3,4639","3,4645",2016-05-11 13:06:21.652
"3,4871","3,4877",2016-05-12 13:11:02.319
"3,5035","3,5041",2016-05-13 13:12:12.504
"3,5029","3,5035",2016-05-16 13:10:22.075
"3,5031","3,5037",2016-05-17 13:09:33.835
"3,5362","3,5368",2016-05-18 13:11:24.699
"3,5997","3,6003",2016-05-19 13:04:31.859
"3,5413","3,5419",2016-05-20 13:09:54.015
"3,5654","3,566",2016-05-23 13:05:14.045
"3,5485","3,5491",2016-05-24 13:08:41.68
"3,5798","3,5804",2016-05-25 13:06:01.089
"3,6162","3,6168",2016-05-27 13:06:17.702
"3,5991","3,5997",2016-05-30 13:07:08.055
"3,5945","3,5951",2016-05-31 13:07:15.082
"3,612","3,6126",2016-06-01 13:03:32.983
"3,5955","3,5961",2016-06-02 13:05:50.107
"3,5403","3,5409",2016-06-03 13:07:48.276
"3,5092","3,5098",2016-06-06 13:12:07.67
"3,4739","3,4745",2016-06-07 13:06:28.539
"3,3892","3,3898",2016-06-08 13:12:17.117
"3,3811","3,3817",2016-06-09 13:12:22.452
"3,4255","3,4261",2016-06-10 13:04:54.588
"3,4527","3,4533",2016-06-13 13:12:18.113
"3,4833","3,4839",2016-06-14 13:11:07.36
"3,4762","3,4768",2016-06-15 13:04:07.181
"3,4898","3,4904",2016-06-16 13:07:52.127
"3,4366","3,4372",2016-06-17 13:16:22.641
"3,3829","3,3835",2016-06-20 13:06:11.783
"3,3891","3,3897",2016-06-21 13:07:03.812
"3,3877","3,3883",2016-06-22 13:07:02.578
"3,3527","3,3533",2016-06-23 13:11:59.185
"3,3766","3,3772",2016-06-24 13:06:47.87
"3,3928","3,3934",2016-06-27 13:07:41.777
"3,3261","3,3267",2016-06-28 13:14:20.065
"3,2429","3,2435",2016-06-29 13:13:40.493
"3,2092","3,2098",2016-06-30 13:09:00.093
"3,2292","3,2298",2016-07-01 13:11:49.106
"3,2474","3,248",2016-07-04 13:02:59.354
"3,2898","3,2904",2016-07-05 13:07:00.556
"3,3236","3,3242",2016-07-06 13:09:46.708
"3,3382","3,3388",2016-07-07 13:05:33.926
"3,2962","3,2968",2016-07-08 13:04:52.766
"3,3025","3,3031",2016-07-11 13:04:51.31
"3,2744","3,275",2016-07-12 13:04:17.547
"3,289","3,2896",2016-07-13 13:04:25.841
"3,2305","3,2311",2016-07-14 13:04:56.859
"3,265","3,2656",2016-07-15 13:06:54.068
"3,2628","3,2634",2016-07-18 13:03:35.615
"3,2795","3,2801",2016-07-19 13:09:48.308
"3,2506","3,2512",2016-07-20 13:08:49.368
"3,2579","3,2585",2016-07-21 13:11:55.399
"3,2848","3,2854",2016-07-22 13:08:46.187
"3,2813","3,2819",2016-07-25 13:11:09.861
"3,2784","3,279",2016-07-26 13:06:02.39
"3,2814","3,282",2016-07-27 13:03:49.634
"3,2734","3,274",2016-07-28 13:09:51.326
"3,2384","3,239",2016-07-29 13:11:02.506
"3,2656","3,2662",2016-08-01 13:07:52.331
"3,2484","3,249",2016-08-02 13:06:44.706
"3,2727","3,2733",2016-08-03 13:04:59.881
"3,2177","3,2183",2016-08-04 13:03:54.077
"3,1853","3,1859",2016-08-05 13:11:09.805
"3,1765","3,1771",2016-08-08 13:11:09.552
"3,1497","3,1503",2016-08-09 13:09:55.308
"3,1296","3,1302",2016-08-10 13:03:48.37
"3,1358","3,1364",2016-08-11 13:10:35.067
"3,1596","3,1602",2016-08-12 13:11:59.901
"3,1666","3,1672",2016-08-15 13:06:44.773
"3,1743","3,1749",2016-08-16 13:04:14.066
"3,2242","3,2248",2016-08-17 13:17:38.966
"3,2209","3,2215",2016-08-18 13:10:03.273
"3,2261","3,2267",2016-08-19 13:04:04.486
"3,2157","3,2163",2016-08-22 13:08:52.23
"3,2047","3,2054",2016-08-23 13:02:56.681
"3,2366","3,2372",2016-08-24 13:08:46.787
"3,2313","3,2319",2016-08-25 13:10:46.407
"3,2147","3,2153",2016-08-26 13:05:53.75
"3,2607","3,2613",2016-08-29 13:18:14.682
"3,2519","3,2525",2016-08-30 13:09:35.123
"3,2397","3,2403",2016-08-31 13:08:44.335
"3,2466","3,2472",2016-09-01 13:10:10.989
"3,2425","3,2431",2016-09-02 13:05:51.688
"3,2715","3,2721",2016-09-05 13:09:55.659
"3,2446","3,2452",2016-09-06 13:02:39.984
"3,1928","3,1934",2016-09-08 13:03:53.968
"3,2632","3,2638",2016-09-09 13:14:00.885
"3,2848","3,2854",2016-09-12 13:08:01.541
"3,2966","3,2972",2016-09-13 13:03:56.534
"3,3256","3,3262",2016-09-14 13:05:51.819
"3,332","3,3326",2016-09-15 13:08:34.825
"3,2998","3,3004",2016-09-16 13:04:11.365
"3,263","3,2636",2016-09-19 13:07:42.039
"3,2534","3,254",2016-09-20 13:12:19.587
"3,2402","3,2408",2016-09-21 13:02:47.389
"3,2009","3,2015",2016-09-22 13:11:01.456
"3,2236","3,2242",2016-09-23 13:07:33.878
"3,2394","3,24",2016-09-26 13:03:06.766
"3,2352","3,2358",2016-09-27 13:09:07.923
"3,247","3,2476",2016-09-28 13:14:19.99
"3,2229","3,2235",2016-09-29 13:11:04.635
"3,2456","3,2462",2016-09-30 13:05:54.372
"3,2332","3,2338",2016-10-03 13:08:48.23
"3,2197","3,2203",2016-10-04 13:13:07.366
"3,2353","3,2359",2016-10-05 13:05:40.988
"3,2304","3,231",2016-10-06 13:13:25.253
"3,2128","3,2134",2016-10-07 13:03:53.818
"3,2119","3,2125",2016-10-10 13:06:44.704
"3,213","3,2136",2016-10-11 13:09:48.113
"3,2081","3,2087",2016-10-13 13:04:50.101
"3,1858","3,1864",2016-10-14 13:12:14.774
"3,1957","3,1963",2016-10-17 13:05:14.708
"3,1868","3,1874",2016-10-18 13:09:20.862
"3,1794","3,18",2016-10-19 13:10:53.592
"3,1599","3,1605",2016-10-20 13:03:10.953
"3,1587","3,1593",2016-10-21 13:06:28.783
"3,1305","3,1311",2016-10-24 13:02:54.15
"3,1187","3,1193",2016-10-25 13:08:42.653
"3,1213","3,1219",2016-10-26 13:09:41.53
"3,1423","3,1429",2016-10-27 13:04:09.268
"3,1809","3,1815",2016-10-28 13:09:46.723
"3,1805","3,1811",2016-10-31 13:05:59.103
"3,2047","3,2053",2016-11-01 13:12:22.648
"3,2304","3,231",2016-11-03 13:13:02.201
"3,2443","3,2449",2016-11-04 13:08:46.367
"3,2018","3,2024",2016-11-07 13:04:03.991
"3,2018","3,2024",2016-11-08 13:11:00.123
"3,2252","3,2258",2016-11-09 13:07:07.772
"3,3098","3,3104",2016-11-10 13:07:02.302
"3,4371","3,4377",2016-11-11 13:04:24.987
"3,444","3,4446",2016-11-14 13:04:30.445
"3,4177","3,4183",2016-11-16 13:09:06.515
"3,4046","3,4052",2016-11-17 13:07:32.351
"3,3911","3,3917",2016-11-18 13:10:46.872
"3,3511","3,3517",2016-11-21 13:06:39.961
"3,347","3,3476",2016-11-22 13:03:49.108
"3,3921","3,3927",2016-11-23 13:06:45.266
"3,3981","3,3987",2016-11-24 13:08:00.952
"3,4273","3,4279",2016-11-25 13:06:32.339
"3,399","3,3996",2016-11-28 13:09:49.923
"3,4054","3,406",2016-11-29 13:08:56.969
"3,3961","3,3967",2016-11-30 13:06:46.879
"3,4356","3,4362",2016-12-01 13:11:09.915
"3,4644","3,465",2016-12-02 13:05:53.836
"3,4592","3,4598",2016-12-05 13:06:12.544
"3,4348","3,4354",2016-12-06 13:05:08.947
"3,3889","3,3895",2016-12-07 13:08:46.997
"3,4002","3,4008",2016-12-08 13:12:01.575
"3,3852","3,3858",2016-12-09 13:05:51.876
"3,3691","3,3697",2016-12-12 13:07:51.106
"3,3334","3,334",2016-12-13 13:08:06.418
"3,3097","3,3103",2016-12-14 13:09:51.237
"3,3824","3,383",2016-12-15 13:02:46.232
"3,3706","3,3712",2016-12-16 13:08:02.388
"3,3772","3,3778",2016-12-19 13:12:07.729
"3,358","3,3586",2016-12-20 13:05:58.395
"3,3291","3,3297",2016-12-21 13:40:41.528
"3,3296","3,3302",2016-12-22 13:08:04.834
"3,269","3,2696",2016-12-23 13:11:53.756
"3,2695","3,2701",2016-12-26 13:12:01.982
"3,277","3,2776",2016-12-27 13:06:58.497
"3,2768","3,2774",2016-12-28 13:04:46.847
"3,2585","3,2591",2016-12-29 13:04:20.815
"3,2585","3,2591",2016-12-30 13:02:50.823
"3,2723","3,2729",2017-01-02 13:07:18.146
"3,2626","3,2632",2017-01-03 13:07:34.023
"3,2327","3,2333",2017-01-04 13:11:50.501
"3,2123","3,2129",2017-01-05 13:04:07.266
"3,2051","3,2057",2017-01-06 13:13:42.955
"3,2091","3,2097",2017-01-09 13:08:58.927
"3,1912","3,1918",2017-01-10 13:08:06.682
"3,2148","3,2154",2017-01-11 13:07:48.319
"3,1655","3,1661",2017-01-12 13:03:09.376
"3,2028","3,2034",2017-01-13 13:09:16.027
"3,2228","3,2234",2017-01-16 13:12:00.606
"3,2094","3,21",2017-01-17 13:06:55.733
"3,2205","3,2211",2017-01-18 13:05:28.424
"3,2107","3,2113",2017-01-19 13:08:52.51
"3,1912","3,1918",2017-01-20 13:13:39.174
"3,1603","3,1609",2017-01-23 13:12:54.933
"3,1643","3,1649",2017-01-24 13:09:02.65
"3,1679","3,169",2017-01-25 13:11:24.662
"3,1798","3,1804",2017-01-26 13:04:31.844
"3,159","3,1596",2017-01-27 13:08:38.93
"3,131","3,1316",2017-01-30 13:11:37.661
"3,1264","3,127",2017-01-31 13:08:43.585
"3,1473","3,1479",2017-02-01 13:05:55.817
"3,119","3,1196",2017-02-02 13:12:12.939
"3,1235","3,1241",2017-02-03 13:09:11.345
"3,1173","3,1179",2017-02-06 13:06:01.029
"3,1298","3,1304",2017-02-07 13:08:50.541
"3,1248","3,1255",2017-02-08 13:08:38.814
"3,1179","3,1185",2017-02-09 13:04:29.047
"3,1149","3,1155",2017-02-10 13:05:48.228
"3,1169","3,1175",2017-02-13 13:10:48.817
"3,0998","3,1004",2017-02-14 13:03:13.887
"3,0773","3,0779",2017-02-15 13:06:08.276
"3,0504","3,051",2017-02-16 13:08:26.172
"3,0944","3,095",2017-02-17 13:08:02.407
"3,0912","3,0918",2017-02-20 13:08:26.676
"3,0964","3,097",2017-02-21 13:11:26.366
"3,0818","3,0824",2017-02-22 13:08:01.394
"3,0632","3,0638",2017-02-23 13:04:25.564
"3,0987","3,0993",2017-02-24 13:04:50.576
"3,097","3,0976",2017-03-01 15:37:01.96
"3,1132","3,1138",2017-03-02 13:06:27.32
"3,1358","3,1364",2017-03-03 13:07:10.168
"3,1105","3,1111",2017-03-06 13:03:53.512
"3,1179","3,1185",2017-03-07 13:08:12.549
"3,1471","3,1477",2017-03-08 13:03:50.024
"3,1729","3,1735",2017-03-09 13:10:47.085
"3,1617","3,1623",2017-03-10 13:06:40.688
"3,1535","3,1541",2017-03-13 13:03:09.637
"3,1633","3,1639",2017-03-14 13:08:15.562
"3,1623","3,1629",2017-03-15 13:08:35.316
"3,1074","3,108",2017-03-16 13:10:52.126
"3,1069","3,1075",2017-03-17 13:05:02.642
"3,0892","3,0898",2017-03-20 13:10:47.051
"3,0759","3,0765",2017-03-21 13:03:42.922
"3,0933","3,0939",2017-03-22 13:02:37.397
"3,1242","3,1248",2017-03-23 13:11:51.958
"3,1276","3,1282",2017-03-24 13:05:41.423
"3,125","3,1256",2017-03-27 13:09:39.543
"3,1297","3,1303",2017-03-28 13:05:53.887
"3,1223","3,1229",2017-03-29 13:07:50.06
"3,1241","3,1247",2017-03-30 13:04:37.167
"3,1678","3,1684",2017-03-31 13:04:37.024
"3,1161","3,1167",2017-04-03 13:11:51.252
"3,1225","3,1231",2017-04-04 13:14:37.607
"3,0917","3,0923",2017-04-05 13:09:36.589
"3,1154","3,116",2017-04-06 13:03:01.171
"3,1296","3,1302",2017-04-07 13:04:41.774
"3,1403","3,1409",2017-04-10 13:04:10.183
"3,1418","3,1424",2017-04-11 13:12:29.768
"3,1457","3,1463",2017-04-12 13:06:48.766
"3,1263","3,1269",2017-04-13 13:09:28.107
"3,103","3,1036",2017-04-17 13:05:51.148
"3,0952","3,0958",2017-04-18 13:11:11.625
"3,1288","3,1294",2017-04-19 13:09:50.695
"3,1447","3,1453",2017-04-20 13:10:38.938
"3,1245","3,1251",2017-04-24 13:06:53.08
"3,1571","3,1577",2017-04-25 13:12:37.494
"3,1841","3,1847",2017-04-26 13:02:41.795
"3,1757","3,1763",2017-04-27 13:04:42.331
"3,1978","3,1984",2017-04-28 13:10:52.336
"3,1718","3,1724",2017-05-02 13:05:31.845
"3,1483","3,1489",2017-05-03 13:11:44.442
"3,1774","3,178",2017-05-04 13:06:37.798
"3,1758","3,1764",2017-05-05 13:10:18.101
"3,1932","3,1938",2017-05-08 13:09:42.404
"3,1851","3,1857",2017-05-09 13:07:46.101
"3,16","3,1606",2017-05-10 13:02:56.565
"3,1553","3,1559",2017-05-11 13:09:03.951
"3,1284","3,129",2017-05-12 13:09:38.952
"3,1005","3,1011",2017-05-15 13:10:14.948
"3,0918","3,0924",2017-05-16 13:06:34.653
"3,107","3,1076",2017-05-17 13:12:09.748
"3,3756","3,3807",2017-05-18 13:05:58.487
"3,2872","3,2878",2017-05-19 13:11:29.308
"3,2857","3,2863",2017-05-22 13:07:00.554
"3,2648","3,2654",2017-05-23 13:02:54.33
"3,2623","3,2629",2017-05-24 13:07:42.187
"3,2818","3,2824",2017-05-25 13:02:59.753
"3,2608","3,2614",2017-05-26 13:06:53.597
"3,2703","3,2709",2017-05-29 13:09:25.777
"3,2653","3,2659",2017-05-30 13:07:25.626
"3,2431","3,2437",2017-05-31 13:07:50.415
"3,2301","3,2307",2017-06-01 13:09:48.76
"3,2395","3,2401",2017-06-02 13:04:05.317
"3,2814","3,282",2017-06-05 13:05:00.105
"3,2811","3,2817",2017-06-06 13:03:50.101
"3,2741","3,2747",2017-06-07 13:10:02.741
"3,2832","3,2838",2017-06-08 13:09:17.114
"3,2734","3,274",2017-06-09 13:06:44.063
"3,298","3,2986",2017-06-12 13:10:22.504
"3,3202","3,3208",2017-06-13 13:07:17.021
"3,283","3,2836",2017-06-14 13:05:49.215
"3,2886","3,2892",2017-06-16 13:09:51.845
"3,2969","3,2975",2017-06-19 13:09:35.161
"3,3139","3,3145",2017-06-20 13:09:57.194
"3,3241","3,3247",2017-06-21 13:06:38.103
"3,3356","3,3362",2017-06-22 13:11:48.369
"3,3336","3,3342",2017-06-23 13:05:41.49
"3,3122","3,3128",2017-06-26 13:03:38.941
"3,3166","3,3172",2017-06-27 13:10:03.464
"3,3024","3,303",2017-06-28 13:09:53.266
"3,2946","3,2952",2017-06-29 13:08:49.398
"3,3076","3,3082",2017-06-30 13:07:06.19
"3,3009","3,3015",2017-07-03 13:08:51.099
"3,3044","3,305",2017-07-04 13:09:38.583
"3,3187","3,3193",2017-07-05 13:07:52.841
"3,3058","3,3064",2017-07-06 13:10:04.143
"3,2889","3,2895",2017-07-07 13:10:59.626
"3,2644","3,265",2017-07-10 13:04:58.325
"3,2516","3,2522",2017-07-11 13:07:42.2
"3,2258","3,2264",2017-07-12 13:05:55.372
"3,2102","3,2108",2017-07-13 13:03:24.642
"3,1893","3,1899",2017-07-14 13:08:48.555
"3,1815","3,1821",2017-07-17 13:06:09.489
"3,1662","3,1668",2017-07-18 13:04:08.526
"3,1527","3,1533",2017-07-19 13:03:40.198
"3,1396","3,1402",2017-07-20 13:11:38.587
"3,125","3,1256",2017-07-21 13:06:09.241
"3,1453","3,1459",2017-07-24 13:03:28.355
"3,155","3,1556",2017-07-25 13:09:53.994
"3,1651","3,1657",2017-07-26 13:05:57.227
"3,1507","3,1513",2017-07-27 13:02:54.362
"3,1451","3,1457",2017-07-28 13:09:51.799
"3,1301","3,1307",2017-07-31 13:03:36.031
"3,1154","3,1161",2017-08-01 13:08:39.907
"3,1262","3,1268",2017-08-02 13:07:58.487
"3,1188","3,1194",2017-08-03 13:09:48.89
"3,1218","3,1224",2017-08-04 13:12:10.418
"3,1261","3,1267",2017-08-07 13:11:31.189
"3,1314","3,132",2017-08-08 13:06:34.439
"3,1458","3,1464",2017-08-09 13:03:05.856
"3,1537","3,1543",2017-08-10 13:09:02.609
"3,1689","3,1695",2017-08-11 13:11:15.965
"3,1882","3,1888",2017-08-14 13:11:13.161
"3,197","3,1976",2017-08-15 13:04:55.968
"3,1664","3,167",2017-08-16 13:11:54.575
"3,1597","3,1603",2017-08-17 13:10:53.766
"3,1648","3,1654",2017-08-18 13:03:04.268
"3,1437","3,1443",2017-08-21 13:11:54.232
"3,1533","3,1539",2017-08-22 13:07:59.02
"3,1563","3,1569",2017-08-23 13:05:00.387
"3,1398","3,1404",2017-08-24 13:05:56.945
"3,1456","3,1462",2017-08-25 13:03:19.052
"3,1557","3,1563",2017-08-28 13:05:53.434
"3,1689","3,1695",2017-08-29 13:06:00.742
"3,1632","3,1638",2017-08-30 13:05:59.376
"3,1465","3,1471",2017-08-31 13:11:19.431
"3,1327","3,1333",2017-09-01 13:09:49.668
"3,1383","3,1389",2017-09-04 13:07:00.053
"3,1197","3,1203",2017-09-05 13:08:03.538
"3,1127","3,1133",2017-09-06 13:04:56.84
"3,0902","3,0908",2017-09-08 13:09:47.865
"3,0846","3,0852",2017-09-11 13:11:51.904
"3,1138","3,1144",2017-09-12 13:10:52.973
"3,1337","3,1343",2017-09-13 13:11:12.8
"3,1348","3,1354",2017-09-14 13:07:09.055
"3,1249","3,1255",2017-09-15 13:09:01.968
"3,1233","3,1239",2017-09-18 13:13:53.088
"3,1317","3,1323",2017-09-19 13:02:44.498
"3,1275","3,1281",2017-09-20 13:07:58.419
"3,1341","3,1347",2017-09-21 13:04:20.434
"3,1279","3,1285",2017-09-22 13:04:39.003
"3,1406","3,1412",2017-09-25 13:08:41.647
"3,1668","3,1674",2017-09-26 13:11:49.126
"3,1926","3,1932",2017-09-27 13:03:56.33
"3,1865","3,1871",2017-09-28 13:07:41.741
"3,1674","3,168",2017-09-29 13:10:53.153
"3,1636","3,1642",2017-10-02 13:11:53.361
"3,1496","3,1502",2017-10-03 13:06:01.897
"3,1309","3,1315",2017-10-04 13:07:04.54
"3,1341","3,1347",2017-10-05 13:09:02.854
"3,1642","3,1648",2017-10-06 13:12:13.52
"3,1764","3,177",2017-10-09 13:03:37.033
"3,1682","3,1688",2017-10-10 13:05:50.117
"3,1633","3,1639",2017-10-11 13:06:55.368
"3,1567","3,1572",2017-10-13 13:09:01.026
"3,1601","3,1607",2017-10-16 13:06:50.682
"3,1763","3,1769",2017-10-17 13:08:24.663
"3,1667","3,1673",2017-10-18 13:05:11.771
"3,1727","3,1732",2017-10-19 13:03:16.171
"3,1827","3,1833",2017-10-20 13:06:16.866
"3,1997","3,2003",2017-10-23 13:08:10.632
"3,2464","3,247",2017-10-24 13:07:51.559
"3,2381","3,2387",2017-10-25 13:09:31.655
"3,2438","3,2444",2017-10-26 13:07:04.203
"3,2795","3,2801",2017-10-27 13:06:46.999
"3,2541","3,2547",2017-10-30 13:03:56.356
"3,2763","3,2769",2017-10-31 13:08:47.548
"3,273","3,2736",2017-11-01 13:06:41.585
"3,2914","3,292",2017-11-03 13:04:54.329
"3,2845","3,2851",2017-11-06 13:08:39.786
"3,2727","3,2733",2017-11-07 13:08:59.981
"3,2503","3,2509",2017-11-08 13:08:59.653
"3,2509","3,2515",2017-11-09 13:11:59.216
"3,2655","3,2661",2017-11-10 13:11:04.472
"3,2867","3,2873",2017-11-13 13:03:15.661
"3,2828","3,2834",2017-11-14 13:11:59.21
"3,2802","3,2808",2017-11-16 13:10:20.167
"3,2782","3,2788",2017-11-17 13:08:26.316
"3,2608","3,2623",2017-11-20 13:10:09.274
"3,2585","3,2591",2017-11-21 13:08:00.441
"3,2555","3,2561",2017-11-22 13:06:53.031
"3,2365","3,2371",2017-11-23 13:02:53.754
"3,2294","3,23",2017-11-24 13:05:52.166
"3,2212","3,2218",2017-11-27 13:04:59.406
"3,2226","3,2232",2017-11-28 13:04:52.08
"3,213","3,2136",2017-11-29 13:10:29.895
"3,261","3,2616",2017-11-30 13:08:58.944
"3,263","3,2636",2017-12-01 13:05:49.223
"3,25","3,2506",2017-12-04 13:12:10.896
"3,2316","3,2322",2017-12-05 13:06:35.907
"3,2348","3,2354",2017-12-06 13:03:50.288
"3,2886","3,2892",2017-12-07 13:11:10.197
"3,2805","3,2811",2017-12-08 13:09:46.379
"3,2839","3,2845",2017-12-11 13:10:44.9
"3,3143","3,3149",2017-12-12 13:09:28.057
"3,303","3,3036",2017-12-13 13:08:38.426
"3,3326","3,3332",2017-12-14 13:04:47.054
"3,3176","3,3182",2017-12-15 13:10:18.082
"3,2875","3,2881",2017-12-18 13:03:09.523
"3,2877","3,2883",2017-12-19 13:08:27.894
"3,2903","3,2909",2017-12-20 13:11:21.95
"3,3039","3,3045",2017-12-21 13:08:38.591
"3,3203","3,3209",2017-12-22 13:06:49.404
"3,3194","3,32",2017-12-26 13:12:11.584
"3,3024","3,3031",2017-12-27 13:06:02.143
"3,3074","3,308",2017-12-28 13:04:53.036
"3,3074","3,308",2017-12-29 13:02:45.613
"3,2691","3,2697",2018-01-02 13:12:55.196
"3,2529","3,2535",2018-01-03 13:04:12.517
"3,2312","3,2318",2018-01-04 13:11:55.76
"3,2403","3,2409",2018-01-05 13:09:00.243
"3,2351","3,2357",2018-01-08 13:10:47.767
"3,2391","3,2397",2018-01-09 13:06:14.647
"3,2461","3,2467",2018-01-10 13:06:20.141
"3,2295","3,2301",2018-01-11 13:07:39.24
"3,2192","3,2197",2018-01-12 13:11:51.469
"3,1957","3,1963",2018-01-15 13:03:51.89
"3,2213","3,2219",2018-01-16 13:10:53.99
"3,2318","3,2324",2018-01-17 13:07:57.458
"3,2123","3,2129",2018-01-18 13:03:33.47
"3,2081","3,2087",2018-01-19 13:10:53.197
"3,1928","3,1934",2018-01-22 13:03:42.347
"3,2243","3,2249",2018-01-23 13:04:48.112
"3,1964","3,197",2018-01-24 13:10:27.352
"3,138","3,1391",2018-01-25 13:03:52.095
"3,1444","3,145",2018-01-26 13:08:49.461
"3,1648","3,1655",2018-01-29 13:06:08.553
"3,1655","3,1661",2018-01-30 13:03:46.59
"3,1618","3,1624",2018-01-31 13:16:53.521
"3,1724","3,173",2018-02-01 13:09:59.863
"3,2054","3,206",2018-02-02 13:06:35.781
"3,2349","3,2355",2018-02-05 13:06:11.649
"3,2607","3,2613",2018-02-06 13:09:27.952
"3,2461","3,2467",2018-02-07 13:11:42.108
"3,2686","3,2692",2018-02-08 13:10:49.731
"3,2815","3,2821",2018-02-09 13:07:05.319
"3,2531","3,2536",2018-02-14 15:38:08.622
"3,2202","3,2208",2018-02-15 13:09:36.912
"3,2375","3,2381",2018-02-16 13:04:08.586
"3,2341","3,2347",2018-02-19 13:02:49.018
"3,2501","3,2507",2018-02-20 13:05:22.267
"3,2549","3,2555",2018-02-21 13:05:52.088
"3,2592","3,2598",2018-02-22 13:11:24.12
"3,2411","3,2417",2018-02-23 13:08:49.928
"3,2345","3,2351",2018-02-26 13:10:57.912
"3,2377","3,2383",2018-02-27 13:11:48.675
"3,2443","3,2449",2018-02-28 13:03:18.868
"3,2614","3,262",2018-03-01 13:08:46.872
"3,2608","3,2614",2018-03-02 13:11:44.793
"3,2576","3,2582",2018-03-05 13:05:07.476
"3,224","3,2246",2018-03-06 13:11:55.605
"3,2312","3,2318",2018-03-07 13:04:49.215
"3,2512","3,2518",2018-03-08 13:11:32.961
"3,249","3,2496",2018-03-09 13:03:23.451
"3,26","3,2606",2018-03-12 13:07:43.882
"3,2486","3,2492",2018-03-13 13:11:46.012
"3,2578","3,2584",2018-03-14 13:11:37.391
"3,2853","3,2859",2018-03-15 13:08:48.179
"3,2899","3,2905",2018-03-16 13:14:28.123
"3,2905","3,2911",2018-03-19 13:05:15.219
"3,2975","3,2981",2018-03-20 13:06:10.733
"3,2915","3,2921",2018-03-21 13:08:26.719
"3,3027","3,3033",2018-03-22 13:11:09.36
"3,3035","3,3041",2018-03-23 13:06:01.35
"3,3028","3,3034",2018-03-26 13:09:11.34
"3,325","3,3256",2018-03-27 13:04:04.87
"3,3374","3,338",2018-03-28 13:07:49.314
"3,3232","3,3238",2018-03-29 13:08:53.155
"3,3098","3,3104",2018-04-02 13:05:44.664
"3,3133","3,3139",2018-04-03 13:06:18.961
"3,3532","3,3538",2018-04-04 13:11:00.623
"3,319","3,3196",2018-04-05 13:04:54.276
"3,366","3,3666",2018-04-06 13:03:40.998
"3,3897","3,3903",2018-04-09 13:07:34.706
"3,4189","3,4195",2018-04-10 13:06:41.132
"3,4046","3,4052",2018-04-11 13:09:34.926
"3,3852","3,3858",2018-04-12 13:08:38.272
"3,4099","3,4105",2018-04-13 13:10:52.009
"3,4257","3,4263",2018-04-16 13:11:36.418
"3,4035","3,4041",2018-04-17 13:08:50.53
"3,3838","3,3844",2018-04-18 13:08:17.142
"3,3971","3,3977",2018-04-19 13:10:38.112
"3,4096","3,4101",2018-04-20 13:11:24.499
"3,4415","3,4421",2018-04-23 13:08:37.681
"3,4661","3,4667",2018-04-24 13:02:44.008
"3,5034","3,504",2018-04-25 13:10:43.392
"3,4971","3,4977",2018-04-26 13:05:59.455
"3,467","3,4676",2018-04-27 13:04:44.825
"3,4805","3,4811",2018-04-30 13:17:27.325
"3,5418","3,5424",2018-05-02 13:08:57.731
"3,5478","3,5484",2018-05-03 13:07:47.221
"3,5302","3,5308",2018-05-04 13:05:37.947
"3,5452","3,5458",2018-05-07 13:05:39.629
"3,5782","3,5788",2018-05-08 13:06:03.36
"3,5937","3,5943",2018-05-09 13:07:43.791
"3,5561","3,5566",2018-05-10 13:04:45.487
"3,571","3,5716",2018-05-11 13:03:05.347
"3,6091","3,6097",2018-05-14 13:07:48.251
"3,6747","3,6753",2018-05-15 13:10:41.111
"3,6797","3,6803",2018-05-16 13:07:02.298
"3,6868","3,6874",2018-05-17 13:09:31.425
"3,7497","3,7503",2018-05-18 13:12:15.643
"3,7066","3,7072",2018-05-21 13:09:07.719
"3,6496","3,6502",2018-05-22 13:06:52.938
"3,6501","3,6507",2018-05-23 13:04:41.926
"3,643","3,6436",2018-05-24 13:09:05.218
"3,6581","3,6587",2018-05-25 13:03:28.127
"3,7086","3,7092",2018-05-28 13:05:32.428
"3,7283","3,7289",2018-05-29 13:11:25.051
"3,7364","3,737",2018-05-30 13:07:14.135
"3,7407","3,7413",2018-06-01 13:11:09.438
"3,7418","3,7424",2018-06-04 13:06:45.241
"3,7746","3,7752",2018-06-05 13:05:48.233
"3,8187","3,8193",2018-06-06 13:11:04.605
"3,8994","3,9",2018-06-07 13:06:42.832
"3,7853","3,7859",2018-06-08 13:03:33.751
"3,6907","3,6913",2018-06-11 13:10:07.939
"3,7038","3,7044",2018-06-12 13:05:43.258
"3,7048","3,7054",2018-06-13 13:09:50.387
"3,7051","3,7057",2018-06-14 13:07:40.823
"3,7732","3,7738",2018-06-15 13:10:44.243
"3,7537","3,7543",2018-06-18 13:16:56.041
"3,756","3,7566",2018-06-19 13:08:33.87
"3,7329","3,7335",2018-06-20 13:02:39.858
"3,7888","3,7894",2018-06-21 13:12:39.986
"3,7657","3,7663",2018-06-22 13:05:00.161
"3,7754","3,776",2018-06-25 13:11:51.714
"3,7715","3,7721",2018-06-26 13:08:44.171
"3,8352","3,8358",2018-06-27 13:11:08.676
"3,8515","3,8521",2018-06-28 13:09:41.491
"3,8552","3,8558",2018-06-29 13:06:05.757
"3,9049","3,9055",2018-07-02 13:07:52.332
"3,8914","3,892",2018-07-03 13:05:39.222
"3,9052","3,9058",2018-07-04 13:06:42.67
"3,9186","3,9192",2018-07-05 13:06:52.401
"3,9258","3,9264",2018-07-06 13:09:44.887
"3,868","3,8692",2018-07-09 13:09:10.952
"3,8446","3,8452",2018-07-10 13:04:31.064
"3,8411","3,8417",2018-07-11 13:11:53.869
"3,8558","3,8564",2018-07-12 13:10:41.474
"3,8739","3,8745",2018-07-13 13:05:33.15
"3,8573","3,8579",2018-07-16 13:03:24.854
"3,8665","3,8671",2018-07-17 13:06:37.54
"3,8468","3,8474",2018-07-18 13:11:44.921
"3,8841","3,8847",2018-07-19 13:02:59.77
"3,7787","3,7793",2018-07-20 13:09:32.135
"3,7909","3,7915",2018-07-23 13:02:38.842
"3,7453","3,7459",2018-07-24 13:09:40.168
"3,7114","3,712",2018-07-25 13:02:39.967
"3,7237","3,7243",2018-07-26 13:09:45.897
"3,7158","3,7164",2018-07-27 13:04:40.24
"3,7149","3,7155",2018-07-30 13:04:31.425
"3,7543","3,7549",2018-07-31 13:02:50.812
"3,7485","3,7491",2018-08-01 13:06:46.973
"3,7639","3,7645",2018-08-02 13:03:31.391
"3,7195","3,7201",2018-08-03 13:03:16.446
"3,7208","3,7214",2018-08-06 13:08:35.35
"3,7112","3,7118",2018-08-07 13:09:41.503
"3,7513","3,7519",2018-08-08 13:07:39.715
"3,8024","3,803",2018-08-09 13:06:55.349
"3,8466","3,8472",2018-08-10 13:10:35.458
"3,8982","3,8988",2018-08-13 13:07:54.063
"3,8806","3,8812",2018-08-14 13:05:41.66
"3,9128","3,9134",2018-08-15 13:09:36.449
"3,8804","3,881",2018-08-16 13:08:05.268
"3,9383","3,9389",2018-08-17 13:10:45.204
"3,9424","3,943",2018-08-20 13:02:32.461
"3,9867","3,9873",2018-08-21 13:10:49.318
"4,0734","4,074",2018-08-22 13:08:55.232
"4,0721","4,0727",2018-08-23 13:03:04.364
"4,0848","4,0854",2018-08-24 13:05:29.537
"4,0681","4,0687",2018-08-27 13:11:29.584
"4,1186","4,1192",2018-08-28 13:09:34.1
"4,1347","4,1353",2018-08-29 13:11:37.447
"4,1806","4,1812",2018-08-30 13:05:45.618
"4,1347","4,1353",2018-08-31 13:06:41.825
"4,1273","4,1279",2018-09-03 13:06:59.164
"4,1646","4,1652",2018-09-04 13:06:48.156
"4,1603","4,1609",2018-09-05 13:11:36.532
"4,1454","4,146",2018-09-06 13:06:29.827
"4,1001","4,1007",2018-09-10 13:05:36.914
"4,1635","4,1641",2018-09-11 13:06:44.643
"4,1253","4,1259",2018-09-12 13:07:02.929
"4,1631","4,1637",2018-09-13 13:11:59.661
"4,1873","4,1879",2018-09-14 13:04:41.353
"4,1689","4,1695",2018-09-17 13:05:53.383
"4,1363","4,1369",2018-09-18 13:07:41.609
"4,1345","4,1351",2018-09-19 13:04:39.576
"4,0991","4,0997",2018-09-20 13:08:02.922
"4,0722","4,0728",2018-09-21 13:11:48.093
"4,0588","4,0594",2018-09-24 13:08:22.123
"4,128","4,1286",2018-09-25 13:08:42.299
"4,0564","4,057",2018-09-26 13:11:54.282
"4,0086","4,0092",2018-09-27 13:04:58.956
"4,0033","4,0039",2018-09-28 13:07:34.405
"4,0267","4,0273",2018-10-01 13:07:35.553
"3,9499","3,9505",2018-10-02 13:07:29.213
"3,8536","3,8542",2018-10-03 13:08:47.363
"3,9041","3,9047",2018-10-04 13:11:46.908
"3,8693","3,8699",2018-10-05 13:07:46.523
"3,7582","3,7588",2018-10-08 13:06:51.493
"3,7385","3,7391",2018-10-09 13:09:38.942
"3,7504","3,751",2018-10-10 13:10:39.324
"3,7454","3,746",2018-10-11 13:11:47.128
"3,7326","3,7332",2018-10-15 13:06:02.256
"3,7073","3,7079",2018-10-16 13:03:44.349
"3,7002","3,7008",2018-10-17 13:04:38.631
"3,6957","3,6963",2018-10-18 13:10:50.726
"3,7073","3,7079",2018-10-19 13:03:52.099
"3,6897","3,6903",2018-10-22 13:04:36.909
"3,7074","3,708",2018-10-23 13:04:41.439
"3,7054","3,706",2018-10-24 13:02:32.642
"3,7008","3,7014",2018-10-25 13:04:49.424
"3,6746","3,6753",2018-10-26 13:06:35.358
"3,6362","3,6368",2018-10-29 13:05:31.48
"3,7013","3,7019",2018-10-30 13:11:49.725
"3,7171","3,7177",2018-10-31 13:05:55.406
"3,6968","3,6973",2018-11-01 13:12:13.654
"3,7042","3,7048",2018-11-05 13:12:48.801
"3,7486","3,7492",2018-11-06 13:13:20.28
"3,7586","3,7592",2018-11-07 13:11:33.562
"3,7385","3,7391",2018-11-08 13:10:58.479
"3,75","3,7506",2018-11-09 13:02:40.624
"3,7472","3,7478",2018-11-12 13:02:35.562
"3,7786","3,7792",2018-11-13 13:05:09.663
"3,7918","3,7924",2018-11-14 13:02:50.623
"3,7519","3,7525",2018-11-16 13:11:36.848
"3,7547","3,7553",2018-11-19 13:06:48.431
"3,7574","3,7591",2018-11-20 13:08:52.909
"3,7866","3,7872",2018-11-21 13:02:51.548
"3,8097","3,8103",2018-11-22 13:03:42.264
"3,8075","3,8081",2018-11-23 13:03:14.597
"3,8649","3,8655",2018-11-26 13:11:48.575
"3,8919","3,8925",2018-11-27 13:09:42.909
"3,8625","3,8631",2018-11-28 13:03:49.897
"3,8562","3,8568",2018-11-29 13:07:17.073
"3,8627","3,8633",2018-11-30 13:09:33.031
"3,8279","3,8285",2018-12-03 13:12:23.744
"3,8307","3,8313",2018-12-04 13:07:53.025
"3,8555","3,8561",2018-12-05 13:12:37.559
"3,9172","3,9178",2018-12-06 13:09:35.517
"3,8958","3,8964",2018-12-07 13:10:35.035
"3,9104","3,911",2018-12-10 13:09:51.141
"3,9007","3,9013",2018-12-11 13:09:47.641
"3,8623","3,8629",2018-12-12 13:04:48.141
"3,8784","3,879",2018-12-13 13:05:17.189
"3,9084","3,909",2018-12-14 13:06:56.641
"3,9115","3,9121",2018-12-17 13:08:43.268
"3,8991","3,8997",2018-12-18 13:11:50.052
"3,8901","3,8907",2018-12-19 13:04:57.292
"3,8437","3,8443",2018-12-20 13:03:35.898
"3,8665","3,8671",2018-12-21 13:07:13.892
"3,8839","3,8855",2018-12-24 11:05:11.875
"3,9252","3,9258",2018-12-26 13:05:34.012
"3,9324","3,933",2018-12-27 13:07:19.149
"3,8742","3,8748",2018-12-28 13:03:50.793
"3,8742","3,8748",2018-12-31 11:04:06.627
"3,8589","3,8595",2019-01-02 13:04:46.568
"3,7677","3,7683",2019-01-03 13:04:50.817
"3,7621","3,7627",2019-01-04 13:06:29.332
"3,7056","3,7062",2019-01-07 13:09:39.652
"3,7202","3,7208",2019-01-08 13:09:06.45
"3,6925","3,6931",2019-01-09 13:22:28.243
"3,6863","3,6869",2019-01-10 13:03:05.634
"3,7135","3,7141",2019-01-11 13:09:51.933
"3,7255","3,726",2019-01-14 13:07:34.594
"3,7043","3,7049",2019-01-15 13:13:35.572
"3,7191","3,7197",2019-01-16 13:07:34.226
"3,7585","3,7591",2019-01-17 13:11:05.484
"3,748","3,7486",2019-01-18 13:10:12.53
"3,7699","3,7705",2019-01-21 13:05:38.72
"3,7609","3,7615",2019-01-22 13:11:32.497
"3,7988","3,7994",2019-01-23 13:07:25.966
"3,7809","3,7815",2019-01-24 13:08:47.398
"3,7613","3,7626",2019-01-25 13:05:43.204
"3,767","3,7676",2019-01-28 13:08:36.868
"3,7364","3,737",2019-01-29 13:19:36.769
"3,7145","3,7151",2019-01-30 13:08:47.599
"3,6513","3,6519",2019-01-31 13:02:55.88
"3,6688","3,6694",2019-02-01 13:09:03.898
"3,675","3,6756",2019-02-04 13:11:36.952
"3,6735","3,6741",2019-02-05 13:10:43.043
"3,7013","3,7019",2019-02-06 13:11:47.946
"3,7187","3,7193",2019-02-07 13:12:02.413
"3,7178","3,7184",2019-02-08 13:03:36.561
"3,7385","3,7391",2019-02-11 13:10:41.426
"3,729","3,7296",2019-02-12 13:09:34.609
"3,7271","3,7277",2019-02-13 13:06:42.606
"3,775","3,7756",2019-02-14 13:07:55.499
"3,7149","3,7155",2019-02-15 13:03:29.581
"3,731","3,7316",2019-02-18 13:10:48.574
"3,72","3,7206",2019-02-19 13:09:51.281
"3,7094","3,71",2019-02-20 13:10:38.213
"3,7589","3,7595",2019-02-21 13:11:30.917
"3,7424","3,743",2019-02-22 13:04:45.851
"3,7279","3,7285",2019-02-25 13:04:32.81
"3,7589","3,7595",2019-02-26 13:02:36.426
"3,7345","3,7351",2019-02-27 13:10:37.626
"3,7379","3,7385",2019-02-28 13:07:41.798
"3,7826","3,7832",2019-03-01 13:25:14.449
"3,8297","3,8303",2019-03-06 15:41:49.299
"3,8481","3,8487",2019-03-07 13:10:11.6
"3,8672","3,8678",2019-03-08 13:02:35.458
"3,8455","3,8461",2019-03-11 13:05:37.826
"3,8123","3,8129",2019-03-12 13:02:32.417
"3,8259","3,8265",2019-03-13 13:07:32.528
"3,8321","3,8327",2019-03-14 13:04:49.965
"3,8338","3,8344",2019-03-15 13:08:41.666
"3,8105","3,8111",2019-03-18 13:10:41.916
"3,7756","3,7762",2019-03-19 13:06:32.31
"3,7891","3,7897",2019-03-20 13:08:41.147
"3,7961","3,7967",2019-03-21 13:04:01.75
"3,8809","3,8815",2019-03-22 13:03:37.9
"3,8764","3,877",2019-03-25 13:05:19.849
"3,864","3,8646",2019-03-26 13:10:30.521
"3,9383","3,9389",2019-03-27 13:04:31.363
"3,9676","3,9682",2019-03-28 13:05:48.911
"3,8961","3,8967",2019-03-29 13:05:04.372
"3,8676","3,8682",2019-04-01 13:11:37.13
"3,8655","3,8661",2019-04-02 13:06:40.208
"3,843","3,8436",2019-04-03 13:08:42.683
"3,8707","3,8713",2019-04-04 13:04:33.916
"3,8616","3,8622",2019-04-05 13:10:41.534
"3,8652","3,8658",2019-04-08 13:02:58.414
"3,8557","3,8563",2019-04-09 13:02:35.147
"3,8339","3,8345",2019-04-10 13:04:52.338
"3,8393","3,8399",2019-04-11 13:07:38.923
"3,8679","3,8685",2019-04-12 13:09:35.193
"3,8724","3,873",2019-04-15 13:04:48.792
"3,8907","3,8913",2019-04-16 13:11:50.933
"3,9219","3,9225",2019-04-17 13:06:34.829
"3,9364","3,937",2019-04-18 13:09:54.238
"3,9224","3,923",2019-04-22 13:09:34.804
"3,943","3,9436",2019-04-23 13:08:45.722
"3,9624","3,963",2019-04-24 13:03:31.357
"3,9719","3,9725",2019-04-25 13:10:33.168
"3,9347","3,9353",2019-04-26 13:11:30.05
"3,9358","3,9364",2019-04-29 13:10:45.166
"3,9447","3,9453",2019-04-30 13:07:21.358
"3,9644","3,965",2019-05-02 13:10:38.779
"3,9382","3,9388",2019-05-03 13:06:41.703
"3,9618","3,9624",2019-05-06 13:02:47.408
"3,9874","3,988",2019-05-07 13:04:57.805
"3,9338","3,9344",2019-05-08 13:02:48.453
"3,9667","3,9673",2019-05-09 13:04:00.938
"3,9572","3,9578",2019-05-10 13:08:45.718
"3,9884","3,989",2019-05-13 13:05:59.645
"3,9782","3,9788",2019-05-14 13:07:54.868
"4,0025","4,0031",2019-05-15 13:07:16.383
"4,0132","4,0138",2019-05-16 13:05:48.101
"4,0838","4,0844",2019-05-17 13:05:10.265
"4,105","4,1056",2019-05-20 13:11:37.033
"4,0804","4,081",2019-05-21 13:02:43.126
"4,0222","4,0228",2019-05-22 13:10:44.437
"4,0507","4,0513",2019-05-23 13:09:33.448
"4,0316","4,0322",2019-05-24 13:07:38.702
"4,0204","4,021",2019-05-27 13:04:34.755
"4,0269","4,0275",2019-05-28 13:03:31.23
"3,9959","3,9965",2019-05-29 13:11:02.403
"3,9714","3,972",2019-05-30 13:07:34.494
"3,9401","3,9407",2019-05-31 13:10:42.115
"3,8997","3,9003",2019-06-03 13:08:39.876
"3,8704","3,871",2019-06-04 13:24:17.027
"3,8605","3,8611",2019-06-05 13:09:37.223
"3,872","3,8726",2019-06-06 13:03:30.338
"3,8565","3,8571",2019-06-07 13:10:39.673
"3,8784","3,879",2019-06-10 13:08:36.147
"3,8658","3,8664",2019-06-11 13:04:06.604
"3,8431","3,8437",2019-06-12 13:10:41.911
"3,8423","3,8429",2019-06-13 13:04:31.756
"3,8807","3,8813",2019-06-14 13:06:45.43
"3,8889","3,8895",2019-06-17 13:03:37.449
"3,8602","3,8608",2019-06-18 13:02:36.281
"3,8717","3,8723",2019-06-19 13:09:35.962
"3,8249","3,8255",2019-06-21 13:10:36.087
"3,8228","3,8234",2019-06-24 13:10:35.774
"3,8297","3,8303",2019-06-25 13:05:36.866
"3,8435","3,8441",2019-06-26 13:09:31.528
"3,8636","3,8642",2019-06-27 13:09:30.652
"3,8316","3,8322",2019-06-28 13:06:29.684
"3,8187","3,8193",2019-07-01 13:04:34.81
"3,8558","3,8564",2019-07-02 13:02:31.855
"3,8469","3,8475",2019-07-03 13:07:11.013
"3,7934","3,794",2019-07-04 13:06:38.134
"3,8198","3,8204",2019-07-05 13:04:34.465
"3,8059","3,8065",2019-07-08 13:03:35.309
"3,7846","3,7858",2019-07-09 13:03:34.964
"3,7691","3,7697",2019-07-10 13:03:47.446
"3,7527","3,7533",2019-07-11 13:09:09.885
"3,7446","3,7452",2019-07-12 13:02:53.23
"3,7457","3,7463",2019-07-15 13:10:36.121
"3,7618","3,7624",2019-07-16 13:10:30.809
"3,7612","3,7618",2019-07-17 13:09:33.254
"3,7483","3,7489",2019-07-18 13:04:44.397
"3,7402","3,7408",2019-07-19 13:09:34.798
"3,7394","3,74",2019-07-22 13:10:59.268
"3,7615","3,7621",2019-07-23 13:04:46.092
"3,759","3,7596",2019-07-24 13:07:35.66
"3,7843","3,7849",2019-07-25 13:05:19.674
"3,7735","3,7741",2019-07-26 13:05:14.071
"3,7903","3,7909",2019-07-29 13:12:02.255
"3,7894","3,79",2019-07-30 13:07:28.91
"3,7643","3,7649",2019-07-31 13:02:35.129
"3,829","3,8296",2019-08-01 13:07:45.977
"3,8733","3,8739",2019-08-02 13:10:31.723
"3,9398","3,9404",2019-08-05 13:07:35.977
"3,9637","3,9643",2019-08-06 13:08:30.747
"3,9844","3,985",2019-08-07 13:11:33.02
"3,9403","3,9409",2019-08-08 13:08:31.203
"3,9356","3,9362",2019-08-09 13:11:33.67
"3,996","3,9966",2019-08-12 13:09:45.511
"3,973","3,9736",2019-08-13 13:10:36.78
"4,0068","4,0074",2019-08-14 13:03:36.417
"4,0182","4,0188",2019-08-15 13:07:32.659
"3,9927","3,9933",2019-08-16 13:07:37.633
"4,0268","4,0274",2019-08-19 13:09:34.29
"4,0419","4,0425",2019-08-20 13:05:33.452
"4,0248","4,0254",2019-08-21 13:06:56.801
"4,0438","4,0444",2019-08-22 13:07:58.71
"4,0845","4,0851",2019-08-23 13:03:40.234
"4,1361","4,1367",2019-08-26 13:11:38.608
"4,1551","4,1557",2019-08-27 13:06:31.644
"4,1553","4,1559",2019-08-28 13:04:33.577
"4,1674","4,168",2019-08-29 13:09:45.964
"4,1379","4,1385",2019-08-30 13:06:39.228
"4,1575","4,1581",2019-09-02 13:10:40.575
"4,1651","4,1657",2019-09-03 13:05:34.847
"4,1243","4,1249",2019-09-04 13:07:49.653
"4,0853","4,0859",2019-09-05 13:08:45.272
"4,0644","4,065",2019-09-06 13:05:41.348
"4,076","4,0766",2019-09-09 13:10:40.723
"4,1102","4,1108",2019-09-10 13:11:40.259
"4,0625","4,0631",2019-09-11 13:02:33.418
"4,0488","4,0494",2019-09-12 13:08:35.864
"4,061","4,0616",2019-09-13 13:06:36.853
"4,0866","4,0872",2019-09-16 13:04:39.901
"4,0992","4,0998",2019-09-17 13:10:32.842
"4,0966","4,0972",2019-09-18 13:10:47.836
"4,1387","4,1393",2019-09-19 13:08:35.568
"4,1681","4,1687",2019-09-20 13:08:37.472
"4,1728","4,1734",2019-09-23 13:11:42.21
"4,1715","4,1721",2019-09-24 13:07:08.372
"4,1821","4,1827",2019-09-25 13:10:01.22
"4,1463","4,1469",2019-09-26 13:09:34.075
"4,1581","4,1587",2019-09-27 13:08:51.782
"4,1638","4,1644",2019-09-30 13:02:55.944
"4,1734","4,174",2019-10-01 13:08:33.662
"4,154","4,1546",2019-10-02 13:02:48.703
"4,1006","4,1012",2019-10-03 13:11:41.292
"4,0604","4,061",2019-10-04 13:04:35.207
"4,0682","4,0688",2019-10-07 13:10:34.43
"4,0862","4,0868",2019-10-08 13:02:31.686
"4,0948","4,0954",2019-10-09 13:08:35.025
"4,1139","4,1145",2019-10-10 13:09:35.138
"4,1054","4,106",2019-10-11 13:02:39.429
"4,1257","4,1263",2019-10-14 13:03:44.914
"4,1482","4,1488",2019-10-15 13:09:38.123
"4,1708","4,1714",2019-10-16 13:04:01.79
"4,1452","4,1457",2019-10-17 13:08:38.733
"4,137","4,1376",2019-10-18 13:09:37.206
"4,1313","4,1319",2019-10-21 13:09:38.032
"4,0852","4,0858",2019-10-22 13:10:34.471
"4,0715","4,0721",2019-10-23 13:04:41.305
"4,0083","4,0089",2019-10-24 13:03:39.623
"4,0127","4,0133",2019-10-25 13:10:32.932
"3,9786","3,9793",2019-10-28 13:07:35.456
"3,994","3,9946",2019-10-29 13:03:33.12
"4,018","4,0186",2019-10-30 13:03:36.374
"4,0035","4,0041",2019-10-31 13:08:45.496
"3,978","3,9786",2019-11-01 13:08:58.001
"3,9916","3,9922",2019-11-04 13:03:31.543
"4,0037","4,0043",2019-11-05 13:10:31.292
"4,0345","4,0351",2019-11-06 13:05:35.675
"4,0921","4,0927",2019-11-07 13:11:36.723
"4,1359","4,1365",2019-11-08 13:11:39.736
"4,1553","4,1559",2019-11-11 13:02:46.598
"4,175","4,1756",2019-11-12 13:10:33.461
"4,1761","4,1767",2019-11-13 13:04:34.593
"4,1825","4,1831",2019-11-14 13:08:20.36
"4,1821","4,1827",2019-11-18 13:05:34.414
"4,2078","4,2084",2019-11-19 13:07:25.508
"4,2027","4,2037",2019-11-20 13:12:51.976
"4,2006","4,2012",2019-11-21 13:03:40.946
"4,1826","4,1832",2019-11-22 13:10:34.906
"4,2083","4,2089",2019-11-25 13:07:45.424
"4,2553","4,2559",2019-11-26 13:06:35.051
"4,2596","4,2602",2019-11-27 13:09:31.449
"4,2474","4,248",2019-11-28 13:05:40.116
"4,2234","4,224",2019-11-29 13:07:41.629
"4,2255","4,2261",2019-12-02 13:11:22.529
"4,2002","4,2008",2019-12-03 13:10:42.091
"4,192","4,1926",2019-12-04 13:10:28.492
"4,213","4,2136",2019-12-05 13:07:59.411
"4,1777","4,1783",2019-12-06 13:06:00.52
"4,1497","4,1503",2019-12-09 13:07:15.846
"4,1421","4,1427",2019-12-10 13:05:14.56
"4,1147","4,1153",2019-12-11 13:03:13.547
"4,1086","4,1092",2019-12-12 13:10:39.755
"4,0943","4,0949",2019-12-13 13:06:05.033
"4,0795","4,0801",2019-12-16 13:15:08.681
"4,0681","4,0687",2019-12-17 13:12:11.158
"4,0542","4,0548",2019-12-18 13:03:49.714
"4,0627","4,0633",2019-12-19 13:09:56.245
"4,0771","4,0777",2019-12-20 13:04:53.239
"4,0751","4,0757",2019-12-23 13:04:48.847
"4,0793","4,0813",2019-12-24 11:05:13.242
"4,0595","4,0601",2019-12-26 13:10:22.686
"4,0539","4,0545",2019-12-27 13:04:24.523
"4,0301","4,0307",2019-12-30 13:10:15.159
"4,0301","4,0307",2019-12-31 11:22:18.041
"4,0207","4,0213",2020-01-02 13:11:10.762
"4,0516","4,0522",2020-01-03 13:06:22.606
"4,0548","4,0554",2020-01-06 13:03:22.271
"4,0835","4,0841",2020-01-07 13:06:14.601
"4,0666","4,0672",2020-01-08 13:03:56.075
"4,0738","4,0744",2020-01-09 13:03:52.663
"4,0739","4,0745",2020-01-10 13:10:19.927
"4,1303","4,1309",2020-01-13 13:15:38.695
"4,1437","4,1443",2020-01-14 13:02:47.919
"4,1616","4,1622",2020-01-15 13:10:59.957
"4,172","4,1726",2020-01-16 13:04:37.351
"4,1831","4,1837",2020-01-17 13:09:30.096
"4,1823","4,1829",2020-01-20 13:09:02.871
"4,2008","4,2014",2020-01-21 13:27:18.065
"4,1883","4,1889",2020-01-22 13:08:04.695
"4,1656","4,1662",2020-01-23 13:08:34.201
"4,1763","4,1769",2020-01-24 13:05:24.087
"4,219","4,2196",2020-01-27 13:08:38.846
"4,2058","4,2064",2020-01-28 13:06:50.714
"4,2007","4,2013",2020-01-29 13:07:33.896
"4,2517","4,2523",2020-01-30 13:02:39.338
"4,2689","4,2695",2020-01-31 13:10:35.372
"4,2469","4,2475",2020-02-03 13:09:28.141
"4,2375","4,2381",2020-02-04 13:04:20.446
"4,2443","4,2449",2020-02-05 13:11:41.541
"4,2471","4,2477",2020-02-06 13:05:35.389
"4,307","4,3076",2020-02-07 13:10:22.152
"4,3189","4,3195",2020-02-10 13:11:54.282
"4,3142","4,3148",2020-02-11 13:05:32.491
"4,336","4,3366",2020-02-12 13:04:06.668
"4,3383","4,3389",2020-02-13 13:03:19.33
"4,3157","4,3163",2020-02-14 13:08:03.668
"4,3151","4,3157",2020-02-17 13:11:27.747
"4,3465","4,3471",2020-02-18 13:09:26.62
"4,3722","4,3728",2020-02-19 13:08:44.995
"4,3867","4,3873",2020-02-20 13:08:28.652
"4,3918","4,3924",2020-02-21 13:09:36.995
"4,4353","4,4359",2020-02-26 15:42:42.037
"4,4758","4,4764",2020-02-27 13:07:20.618
"4,4981","4,4987",2020-02-28 13:02:27.207
"4,494","4,4946",2020-03-02 13:05:37.087
"4,4877","4,4883",2020-03-03 13:06:38.231
"4,5252","4,5258",2020-03-04 13:05:28.14
"4,6201","4,6207",2020-03-05 13:08:18.942
"4,6453","4,6459",2020-03-06 13:06:46.785
"4,7373","4,7379",2020-03-09 13:03:51.869
"4,6687","4,6693",2020-03-10 13:10:44.443
"4,6732","4,6738",2020-03-11 13:09:36.99
"4,8825","4,8833",2020-03-12 13:04:43.137
"4,7355","4,7362",2020-03-13 13:11:29.534
"4,9464","4,9471",2020-03-16 13:08:35.261
"5,0489","5,0496",2020-03-17 13:05:19.726
"5,1101","5,1107",2020-03-18 13:06:00.426
"5,1437","5,1444",2020-03-19 13:08:32.134
"5,0241","5,0248",2020-03-20 13:03:05.621
"5,0798","5,0805",2020-03-23 13:03:28.802
"5,0707","5,0713",2020-03-24 13:10:59.458
"5,07","5,0706",2020-03-25 13:11:38.026
"5,0004","5,001",2020-03-26 13:05:39.872
"5,1103","5,1109",2020-03-27 13:10:27.606
"5,1588","5,1594",2020-03-30 13:07:22.267
"5,1981","5,1987",2020-03-31 13:12:19.577
"5,2399","5,2404",2020-04-01 13:08:11.547
"5,2645","5,2651",2020-04-02 13:08:04.984
"5,2991","5,2997",2020-04-03 13:09:31.865
"5,2465","5,2471",2020-04-06 13:07:49.742
"5,2211","5,2217",2020-04-07 13:05:36.466
"5,2117","5,2123",2020-04-08 13:05:36.604
"5,0773","5,0779",2020-04-09 13:10:31.66
"5,1818","5,1824",2020-04-13 13:04:46.395
"5,1852","5,1858",2020-04-14 13:07:39.947
"5,2573","5,2579",2020-04-15 13:06:01.889
"5,2371","5,2377",2020-04-16 13:03:37.72
"5,2567","5,2573",2020-04-17 13:02:36.95
"5,2831","5,2837",2020-04-20 13:10:32.563
"5,3841","5,3847",2020-04-22 13:09:29.978
"5,4461","5,4467",2020-04-23 13:09:09.063
"5,6504","5,651",2020-04-24 13:06:58.058
"5,6352","5,6358",2020-04-27 13:04:33.185
"5,5677","5,5683",2020-04-28 13:06:32.627
"5,4285","5,4291",2020-04-29 13:09:28.218
"5,4264","5,427",2020-04-30 13:11:00.769
"5,5811","5,5816",2020-05-04 13:02:32.41
"5,5348","5,5354",2020-05-05 13:10:48.687
"5,667","5,6676",2020-05-06 13:11:17.114
"5,8359","5,8365",2020-05-07 13:04:55.088
"5,7647","5,7653",2020-05-08 13:06:55.655
"5,7948","5,7954",2020-05-11 13:13:38.516
"5,7717","5,7723",2020-05-12 13:10:40.219
"5,9016","5,9022",2020-05-13 13:10:36.854
"5,9366","5,9372",2020-05-14 13:04:37.655
"5,8223","5,8229",2020-05-15 13:07:28.264
"5,7369","5,7375",2020-05-18 13:03:30.159
"5,721","5,7216",2020-05-19 13:09:50.154
"5,6962","5,6968",2020-05-20 13:11:28.89
"5,6013","5,6019",2020-05-21 13:02:36.901
"5,5802","5,5808",2020-05-22 13:08:59.533
"5,4766","5,4772",2020-05-25 13:03:45.692
"5,3701","5,3707",2020-05-26 13:05:56.805
"5,2986","5,2992",2020-05-27 13:08:33.677
"5,3399","5,3405",2020-05-28 13:09:35.438
"5,4257","5,4263",2020-05-29 13:09:42.134
"5,3633","5,3639",2020-06-01 13:03:21.371
"5,2595","5,2601",2020-06-02 13:06:52.617
"5,051","5,0516",2020-06-03 13:02:35.192
"5,1035","5,1041",2020-06-04 13:03:53.971
"4,9769","4,9775",2020-06-05 13:06:27.773
"4,9325","4,9331",2020-06-08 13:06:31.934
"4,9051","4,9057",2020-06-09 13:02:31.177
"4,8888","4,8894",2020-06-10 13:04:28.222
"5,0367","5,0373",2020-06-12 13:03:58.921
"5,1877","5,1883",2020-06-15 13:09:09.314
"5,1279","5,1285",2020-06-16 13:04:03.498
"5,2492","5,2499",2020-06-17 13:07:53.58
"5,3462","5,3468",2020-06-18 13:11:36.069
"5,346","5,3466",2020-06-19 13:06:29.622
"5,222","5,2226",2020-06-22 13:10:56.418
"5,1699","5,1705",2020-06-23 13:04:30.954
"5,2429","5,2435",2020-06-24 13:05:20.072
"5,3281","5,3287",2020-06-25 13:12:10.827
"5,4623","5,4629",2020-06-26 13:12:13.885
"5,441","5,4416",2020-06-29 13:08:41.33
"5,4754","5,476",2020-06-30 13:10:29.186
"5,3646","5,3651",2020-07-01 13:08:47.349
"5,3022","5,3028",2020-07-02 13:02:37.304
"5,3368","5,3374",2020-07-03 13:04:44.338
"5,3079","5,3085",2020-07-06 13:06:42.122
"5,3312","5,3318",2020-07-07 13:03:21.6
"5,3476","5,3482",2020-07-08 13:02:44.173
"5,2972","5,2978",2020-07-09 13:02:26.634
"5,3434","5,344",2020-07-10 13:11:32.867
"5,348","5,3486",2020-07-13 13:04:35.144
"5,4282","5,4288",2020-07-14 13:07:35.721
"5,3485","5,3491",2020-07-15 13:11:26.418
"5,3554","5,356",2020-07-16 13:02:58.404
"5,3504","5,351",2020-07-17 13:11:17.839
"5,3629","5,3635",2020-07-20 13:07:24.239
"5,2277","5,2283",2020-07-21 13:07:50.189
"5,1105","5,1111",2020-07-22 13:06:27.826
"5,1641","5,1647",2020-07-23 13:02:43.561
"5,214","5,2146",2020-07-24 13:06:39.442
"5,1883","5,1889",2020-07-27 13:09:55.206
"5,1771","5,1777",2020-07-28 13:09:38.993
"5,1389","5,1395",2020-07-29 13:10:36.8
"5,1831","5,1837",2020-07-30 13:07:49.442
"5,2027","5,2033",2020-07-31 13:10:49.246
"5,3069","5,3075",2020-08-03 13:06:35.557
"5,3323","5,3329",2020-08-04 13:05:21.066
"5,2754","5,276",2020-08-05 13:11:16.14
"5,3425","5,3431",2020-08-06 13:07:56.769
"5,4221","5,4227",2020-08-07 13:04:36.795
"5,3927","5,3933",2020-08-10 13:06:31.55
"5,4279","5,4285",2020-08-11 13:06:57.356
"5,4545","5,4551",2020-08-12 13:08:37.572
"5,3795","5,3801",2020-08-13 13:03:41.053
"5,3846","5,3852",2020-08-14 13:04:46.426
"5,4491","5,4497",2020-08-17 13:04:25.011
"5,4653","5,4659",2020-08-18 13:10:27.29
"5,49","5,4906",2020-08-19 13:04:18.066
"5,6504","5,651",2020-08-20 13:12:12.269
"5,6058","5,6064",2020-08-21 13:10:47.776
"5,5948","5,5954",2020-08-24 13:07:36.497
"5,5991","5,5997",2020-08-25 13:04:34.81
"5,5674","5,568",2020-08-26 13:09:12.058
"5,595","5,5956",2020-08-27 13:03:22.308
"5,4673","5,4679",2020-08-28 13:03:36.552
"5,4707","5,4713",2020-08-31 13:09:40.474
"5,3726","5,3732",2020-09-01 13:03:53.605
"5,3735","5,3741",2020-09-02 13:11:38.411
"5,3073","5,3079",2020-09-03 13:07:19.456
"5,2842","5,2848",2020-09-04 13:12:57.959
"5,3692","5,3698",2020-09-08 13:03:52.111
"5,3018","5,3024",2020-09-09 13:07:44.623
"5,293","5,2936",2020-09-10 13:08:00.643
"5,2848","5,2854",2020-09-11 13:03:47.944
"5,2978","5,2984",2020-09-14 13:11:26.344
"5,2722","5,2728",2020-09-15 13:05:23.52
"5,2526","5,2532",2020-09-16 13:07:28.885
"5,2587","5,2593",2020-09-17 13:08:53.951
"5,2883","5,2889",2020-09-18 13:07:46.211
"5,4434","5,444",2020-09-21 13:04:34.571
"5,4323","5,4329",2020-09-22 13:11:36.656
"5,5305","5,5311",2020-09-23 13:02:28.624
"5,5708","5,5714",2020-09-24 13:07:27.204
"5,5661","5,5667",2020-09-25 13:09:42.279
"5,5852","5,5858",2020-09-28 13:11:02.032
"5,6521","5,6528",2020-09-29 13:09:39.687
"5,6401","5,6407",2020-09-30 13:06:22.367
"5,6435","5,6441",2020-10-01 13:05:08.462
"5,6458","5,6464",2020-10-02 13:05:45.109
"5,6293","5,6299",2020-10-05 13:09:39.902
"5,5199","5,5205",2020-10-06 13:04:38.484
"5,6012","5,6018",2020-10-07 13:04:21.61
"5,6194","5,62",2020-10-08 13:08:20.208
"5,5387","5,5393",2020-10-09 13:10:18.779
"5,5854","5,5859",2020-10-13 13:08:38.848
"5,5669","5,5675",2020-10-14 13:05:44.348
"5,6166","5,6172",2020-10-15 13:04:30.297
"5,622","5,6226",2020-10-16 13:04:22.018
"5,6017","5,6023",2020-10-19 13:10:55.868
"5,5824","5,583",2020-10-20 13:05:12.925
"5,6","5,6006",2020-10-21 13:05:00.787
"5,5814","5,582",2020-10-22 13:11:47.821
"5,6114","5,612",2020-10-23 13:10:44.675
"5,6322","5,6328",2020-10-26 13:03:19.882
"5,6484","5,6491",2020-10-27 13:06:36.928
"5,7319","5,7325",2020-10-28 13:03:30.304
"5,7797","5,7803",2020-10-29 13:03:31.816
"5,7712","5,7718",2020-10-30 13:08:24.661
"5,6889","5,6895",2020-11-03 13:08:25.399
"5,6926","5,6932",2020-11-04 13:13:38.246
"5,5618","5,5624",2020-11-05 13:09:31.961
"5,5307","5,5313",2020-11-06 13:07:44.214
"5,2815","5,2821",2020-11-09 13:08:15.768
"5,369","5,3696",2020-11-10 13:02:36.057
"5,4014","5,402",2020-11-11 13:04:31.235
"5,4088","5,4094",2020-11-12 13:07:25.979
"5,4848","5,4854",2020-11-13 13:04:35.653
"5,4192","5,4198",2020-11-16 13:11:21.917
"5,3962","5,3968",2020-11-17 13:04:24.262
"5,2926","5,2932",2020-11-18 13:02:46.462
"5,3324","5,333",2020-11-19 13:10:57.643
"5,3499","5,3505",2020-11-20 13:04:31.497
"5,3822","5,3828",2020-11-23 13:03:25.81
"5,4031","5,4037",2020-11-24 13:03:31.104
"5,3502","5,3508",2020-11-25 13:09:44.227
"5,3195","5,3201",2020-11-26 13:09:53.469
"5,3488","5,3494",2020-11-27 13:04:23.917
"5,3311","5,3317",2020-11-30 13:07:46.135
"5,2783","5,2789",2020-12-01 13:07:29.851
"5,2261","5,2267",2020-12-02 13:04:28.436
"5,1619","5,1625",2020-12-03 13:05:32.922
"5,17","5,1706",2020-12-04 13:05:12.458
"5,1012","5,1018",2020-12-07 13:11:49.83
"5,0914","5,092",2020-12-08 13:07:00.766
"5,1103","5,1109",2020-12-09 13:10:25.198
"5,0846","5,0852",2020-12-10 13:04:02.432
"5,0685","5,0691",2020-12-11 13:09:43.711
"5,0572","5,0578",2020-12-14 13:10:24.874
"5,0962","5,0968",2020-12-15 13:07:49.009
"5,1051","5,1057",2020-12-16 13:09:38.167
"5,0606","5,0612",2020-12-17 13:09:33.728
"5,098","5,0986",2020-12-18 13:11:24.831
"5,1566","5,1572",2020-12-21 13:09:51.624
"5,1467","5,1473",2020-12-22 13:09:47.694
"5,1734","5,174",2020-12-23 13:07:33.284
"5,1785","5,18",2020-12-24 11:05:27.743
"5,2384","5,239",2020-12-28 13:12:02.307
"5,1936","5,1942",2020-12-29 13:06:41.328
"5,1961","5,1967",2020-12-30 13:09:38.491
"5,1961","5,1967",2020-12-31 10:03:48.429
"5,162","5,1626",2021-01-04 13:07:33.461
"5,3263","5,3269",2021-01-05 13:11:14.045
"5,3176","5,3182",2021-01-06 13:12:28.251
"5,3427","5,3433",2021-01-07 13:11:33.564
"5,3677","5,3683",2021-01-08 13:08:31.586
"5,496","5,4966",2021-01-11 13:03:59.427
"5,4631","5,4637",2021-01-12 13:07:38.023
"5,3064","5,307",2021-01-13 13:03:31.966
"5,2611","5,2617",2021-01-14 13:05:07.348
"5,2708","5,2714",2021-01-15 13:02:58.513
"5,2782","5,2788",2021-01-18 13:10:06.899
"5,2939","5,2945",2021-01-19 13:06:50.916
"5,3027","5,3033",2021-01-20 13:07:06.979
"5,316","5,3166",2021-01-21 13:06:33.298
"5,4295","5,4301",2021-01-22 13:03:37.619
"5,5074","5,5089",2021-01-25 13:08:46.239
"5,3859","5,3865",2021-01-26 13:02:34.963
"5,3818","5,3824",2021-01-27 13:04:21.326
"5,4276","5,4282",2021-01-28 13:04:39.485
"5,4753","5,4759",2021-01-29 13:04:37.004
"5,4602","5,4608",2021-02-01 13:08:36.919
"5,3869","5,3875",2021-02-02 13:05:57.49
"5,3417","5,3423",2021-02-03 13:10:45.471
"5,3904","5,391",2021-02-04 13:10:25.186
"5,3878","5,3884",2021-02-05 13:10:53.963
"5,3664","5,367",2021-02-08 13:05:38.857
"5,421","5,4216",2021-02-09 13:12:05.416
"5,4018","5,4024",2021-02-10 13:08:47.187
"5,362","5,3626",2021-02-11 13:03:46.675
"5,3809","5,3815",2021-02-12 13:03:15.684
"5,4132","5,4138",2021-02-17 15:35:16.801
"5,4232","5,4238",2021-02-18 13:03:28.684
"5,3918","5,3924",2021-02-19 13:03:33.813
"5,5038","5,5044",2021-02-22 13:05:46.255
"5,4484","5,449",2021-02-23 13:05:50.893
"5,4176","5,4182",2021-02-24 13:05:50.381
"5,4594","5,46",2021-02-25 13:09:32.447
"5,5296","5,5302",2021-02-26 13:09:49.072
"5,5826","5,5832",2021-03-01 13:02:42.218
"5,6838","5,6844",2021-03-02 13:02:31.88
"5,7336","5,7342",2021-03-03 13:03:05.72
"5,6002","5,6008",2021-03-04 13:03:41.479
"5,6864","5,687",2021-03-05 13:03:41.762
"5,7337","5,7343",2021-03-08 13:09:22.896
"5,8391","5,8397",2021-03-09 13:02:18.867
"5,7443","5,7449",2021-03-10 13:03:03.679
"5,5884","5,589",2021-03-11 13:09:41.81
"5,5634","5,564",2021-03-12 13:10:24.5
"5,629","5,6296",2021-03-15 13:09:02.239
"5,5845","5,5851",2021-03-16 13:04:13.803
"5,6573","5,6579",2021-03-17 13:05:58.239
"5,5468","5,5474",2021-03-18 13:12:47.373
"5,5076","5,5082",2021-03-19 13:04:01.59
"5,5263","5,5269",2021-03-22 13:09:34.907
"5,4945","5,4951",2021-03-23 13:04:27.849
"5,5324","5,533",2021-03-24 13:06:00.477
"5,6579","5,6585",2021-03-25 13:08:58.765
"5,7036","5,7042",2021-03-26 13:02:36.682
"5,7919","5,7925",2021-03-29 13:05:47.32
"5,7636","5,7642",2021-03-30 13:10:22.8
"5,6967","5,6973",2021-03-31 13:08:42.02
"5,6843","5,6849",2021-04-01 13:06:02.403
"5,6573","5,6579",2021-04-05 13:07:29.588
"5,6257","5,6263",2021-04-06 13:11:23.453
"5,5858","5,5864",2021-04-07 13:09:02.766
"5,5811","5,5817",2021-04-08 13:07:48.5
"5,6439","5,6445",2021-04-09 13:03:10.778
"5,6576","5,6582",2021-04-12 13:10:02.238
"5,7058","5,7064",2021-04-13 13:03:20.796
"5,693","5,6936",2021-04-14 13:09:37.448
"5,6228","5,6234",2021-04-15 13:05:23.315
"5,6322","5,6328",2021-04-16 13:09:30.217
"5,5744","5,575",2021-04-19 13:05:28.504
"5,526","5,5266",2021-04-20 13:08:50.498
"5,4964","5,497",2021-04-22 13:05:28.343
"5,4781","5,4787",2021-04-23 13:09:33.759
